timestamp,symbol,signal,confidence,entry_price,stop_loss,take_profit_1,take_profit_2,take_profit_3,leverage,market_condition,reasoning
2026-06-10 22:54:58,BTCUSDT,WAIT,4,,,,,,,RANGING,"The market is showing conflicting signals. While EMAs suggest a bullish trend, MACD indicates a bearish cross and volume is low. Bollinger Bands are squeezed, suggesting potential for a breakout but no clear direction yet."
2026-06-10 22:55:03,ETHUSDT,WAIT,3,,,,,,3,RANGING,The market is currently in a sideways trend with mixed signals from indicators. Low volume and inside Bollinger Bands suggest a lack of conviction. It's best to wait for a clearer directional move.
2026-06-10 22:55:09,SOLUSDT,WAIT,4,,,,,,,RANGING,"The market is currently in a sideways trend with mixed signals from indicators. MACD shows a bearish cross, but RSI is neutral and Bollinger Bands are inside. Volume is below average, indicating a lack of strong conviction."
2026-06-10 22:55:14,BNBUSDT,WAIT,4,,,,,,,RANGING,"The price is consolidating near the lower Bollinger Band and the MACD shows a bearish cross. However, the overall EMA trend is still bullish, and volume is low. This creates conflicting signals, making it prudent to wait for a clearer direction."
2026-06-10 22:55:19,XRPUSDT,SHORT,7,1.1071,1.118717,1.105983,1.104866,1.103749,5,TRENDING,"Strong bearish EMA trend and MACD bearish cross indicate downward momentum. Price is near the lower Bollinger Band and support level, suggesting a potential short entry with a tight stop."
2026-06-10 22:55:24,DOGEUSDT,WAIT,4,,,,,,,RANGING,"The market is currently in a sideways trend with mixed signals from indicators. MACD shows a bearish cross, but RSI is neutral and Stochastics are oversold. Low volume further suggests a lack of conviction."
2026-06-10 22:55:29,ADAUSDT,WAIT,4,,,,,,,RANGING,"The market is in a sideways trend with mixed signals from indicators. MACD shows a bearish cross, but RSI is neutral and Stochastics are oversold. Low volume further suggests caution."
2026-06-10 22:55:33,AVAXUSDT,SHORT,7,6.465,6.55,6.43,6.395,6.36,5,TRENDING,"Strong bearish EMA trend and MACD bearish cross indicate downward momentum. Price is near the upper Bollinger Band, suggesting a potential reversal downwards."
2026-06-10 22:59:47,BTCUSDT,WAIT,4,61965.3,61442.679952,62490.0,63014.7,63539.4,3,SIDEWAYS,"Price is consolidating near the pivot point with low volume and inside Bollinger Bands. RSI is neutral, and Stochastics are oversold but not yet showing a clear bullish reversal. EMA50 is acting as support, but EMA9 is slightly above the current price, indicating potential resistance. Waiting for a clear breakout or reversal signal."
2026-06-10 23:00:17,ETHUSDT,WAIT,4,1631.88,1615.952047,1631.88,1631.88,1631.88,3,SIDEWAYS,"ETHUSDT is trading in a sideways trend with low volume and inside Bollinger Bands. EMAs are closely aligned, indicating a lack of strong directional momentum. RSI and Stochastic indicators are in neutral territory. The recent price action shows choppiness, and the last candle is a doji, suggesting indecision. No clear setup for a high-confidence trade."
2026-06-10 23:00:22,SOLUSDT,WAIT,4,0.0,0.0,0.0,0.0,0.0,3,SIDEWAYS,"SOLUSDT is trading sideways with low volume and indicators are mixed. EMAs are close together, RSI is below 50, and MACD histogram is negative. Bollinger bands are inside, suggesting consolidation. No clear directional bias for a confident trade."
2026-06-10 23:00:27,BNBUSDT,WAIT,4,0.0,0.0,0.0,0.0,0.0,3,SIDEWAYS,"The market is in a sideways trend with a bearish shooting star pattern forming. EMAs are tightly clustered, indicating indecision. RSI is neutral, and Stochastics are oversold but not yet showing a clear reversal. Low volume and inside Bollinger bands suggest a lack of strong directional momentum. Awaiting a clearer signal or breakout."
2026-06-10 23:00:32,XRPUSDT,WAIT,4,1.1095,1.099333,1.119833,1.129166,1.138499,3,UNCERTAIN,"Doji pattern and low volume suggest indecision. Strong bearish trend is present, but current price action is consolidating. EMAs are still above price, indicating bearish pressure, but RSI and Stochastics are in oversold territory. Inside Bollinger Bands indicate potential for a breakout, but direction is unclear. Low volume on the last candle is concerning for a strong move."
2026-06-10 23:00:38,DOGEUSDT,WAIT,4,0.08389,0.0830875,0.0847275,0.085565,0.0864025,3,SIDEWAYS,"DOGEUSDT is trading sideways with low volume and inside Bollinger Bands. EMAs are tightly clustered, indicating a lack of clear direction. RSI is neutral, and MACD histogram is near zero. Stochastics are in oversold territory but lack upward momentum. The current price is below the pivot point. No strong conviction for a directional trade."
2026-06-10 23:00:44,ADAUSDT,WAIT,4,0.1617,0.159355,0.1617,0.1617,0.1617,3,SIDEWAYS,Price is consolidating within inside Bollinger Bands and below key EMAs. RSI and MACD indicate a lack of strong momentum. Low volume further suggests a lack of conviction for a directional move.
2026-06-10 23:00:49,AVAXUSDT,SHORT,6,6.493,6.568576,6.417424,6.341848,6.266272,5,TRENDING,Strong bearish trend indicated by EMAs and recent price action. RSI below 50 and MACD histogram negative support a short bias. Low volume suggests potential for further downside if momentum picks up.
2026-06-10 23:05:53,BTCUSDT,WAIT,5,0.0,0.0,0.0,0.0,0.0,0,SIDEWAYS,Price is consolidating near the pivot point with low volume and inside Bollinger Bands. RSI and Stochastics are neutral. A clear directional move is not yet established.
2026-06-10 23:05:58,ETHUSDT,WAIT,5,1633.65,1617.010713,1633.65,1633.65,1633.65,3,SIDEWAYS,"ETHUSDT is trading sideways with low volume and inside Bollinger Bands. EMAs are mixed, and RSI and Stochastics are in neutral territory. No clear directional bias to initiate a trade."
2026-06-10 23:06:03,SOLUSDT,WAIT,4,64.06,63.29104,64.83296,65.60592,66.37888,3,SIDEWAYS,"The SOLUSDT 15m chart is exhibiting a sideways trend with low volume. EMAs are tightly clustered, and RSI is below 50, indicating a lack of strong momentum. Stochastic is in oversold territory but needs confirmation. Bollinger Bands are inside, suggesting consolidation. No clear directional bias for a confident trade."
2026-06-10 23:06:09,BNBUSDT,WAIT,4,590.72,586.63708,594.78292,597.50584,600.22876,3,SIDEWAYS,"BNBUSDT is trading sideways with low volume and inside Bollinger Bands. RSI and Stochastics are neutral, indicating no strong momentum. Waiting for a clear breakout or trend confirmation."
2026-06-10 23:06:15,XRPUSDT,SHORT,7,1.1085,1.1201,1.107,1.1055,1.104,5,TRENDING,"Strong bearish trend indicated by EMAs and recent price action. RSI and Stochastics are in oversold territory, suggesting a potential short entry on a pullback. Low volume on the last candle confirms selling pressure is not exhausted."
2026-06-10 23:06:19,DOGEUSDT,WAIT,4,0.08398,0.083146,0.084814,0.085648,0.086482,3,SIDEWAYS,"DOGEUSDT is trading in a tight range with low volume and inside Bollinger Bands. EMAs are flat, and RSI is neutral. No clear directional bias to initiate a trade."
2026-06-10 23:06:24,ADAUSDT,WAIT,4,0.1622,0.159733,0.164767,0.167334,0.169901,3,SIDEWAYS,"Price is consolidating within a tight range, with EMAs showing no clear direction and RSI near the midpoint. Low volume further indicates a lack of conviction. Bollinger Bands are inside, suggesting a potential breakout but no immediate signal."
2026-06-10 23:06:29,AVAXUSDT,SHORT,6,6.502,6.5802,6.4238,6.3456,6.2674,5,TRENDING,Strong bearish trend indicated by EMAs and recent price action. RSI below 50 and MACD histogram negative support bearish sentiment. Low volume suggests potential for further downside continuation.
2026-06-10 23:12:00,BTCUSDT,WAIT,5,61935.2,61432.043608,62438.356392,62941.512784,63444.669176,3,UNCERTAIN,"Doji pattern on 15m chart with low volume and inside Bollinger bands indicates indecision. While EMAs are slightly bullish, RSI is neutral and MACD is negative. Waiting for a clearer directional signal."
2026-06-10 23:12:20,ETHUSDT,WAIT,4,1630.63,1613.55,1647.71,1664.79,1681.87,3,SIDEWAYS,"ETHUSDT is trading sideways with low volume and inside Bollinger Bands. EMAs are closely aligned, indicating a lack of strong directional momentum. RSI and Stochastic indicators are in neutral territory. No clear signal for a directional trade at this moment."
2026-06-10 23:12:27,SOLUSDT,WAIT,4,0.0,0.0,0.0,0.0,0.0,3,SIDEWAYS,"The market is in a sideways trend with low volume. EMAs are very close and flat, indicating no strong directional bias. RSI is below 50, and Stochastic is oversold, but the lack of volume and clear trend prevents a confident trade."
2026-06-10 23:12:31,BNBUSDT,WAIT,4,0.0,0.0,0.0,0.0,0.0,3,SIDEWAYS,"Doji pattern and low volume indicate indecision. EMAs are tightly clustered, suggesting a lack of clear trend. RSI is neutral, and Stochastics are oversold but not showing immediate reversal signs. Bollinger Bands are inside, confirming low volatility. Waiting for a clear breakout or trend confirmation."
2026-06-10 23:12:36,XRPUSDT,SHORT,7,1.1078,1.118922,1.1031,1.0984,1.0937,5,TRENDING,"Strong bearish trend indicated by EMAs and recent price action. RSI below 50 and MACD histogram negative support bearish momentum. Stochastics are oversold, suggesting a potential bounce, but the overall trend is dominant. Inside Bollinger Bands suggest consolidation before a potential breakout."
2026-06-10 23:12:41,DOGEUSDT,WAIT,4,0.08385,0.083,0.0847,0.0856,0.0865,3,SIDEWAYS,"Doji pattern and sideways trend with low volume indicate indecision. EMAs are flat and close together. RSI is neutral. MACD is near zero. Stochastics are oversold but not yet showing a clear reversal. Bollinger bands are inside, suggesting consolidation. Waiting for a clear breakout or reversal signal."
2026-06-10 23:12:46,ADAUSDT,WAIT,4,0.1622,0.1607325,0.163845,0.16549,0.17078,3,SIDEWAYS,"The price is consolidating within a tight range, indicated by inside Bollinger Bands and low volume. EMAs are also very close, suggesting a lack of clear direction. RSI is neutral, and MACD histogram is near zero. No strong signals for a directional trade."
2026-06-10 23:12:52,AVAXUSDT,SHORT,6,6.495,6.5737215,6.4162785,6.337557,6.2588355,5,TRENDING,"Strong bearish trend indicated by EMAs and recent price action. RSI below 50 and MACD histogram negative support bearish sentiment. Inside Bollinger bands suggest potential for a breakout, favoring downside given the trend."
2026-06-10 23:18:22,BTCUSDT,WAIT,4,61873.2,61411.584,62328.816,62784.432,63240.048,3,SIDEWAYS,"Price is consolidating within inside Bollinger Bands and below key EMAs (9 and 21). RSI is neutral, and MACD histogram is negative, indicating a lack of strong bullish momentum. Low volume further suggests indecision. Waiting for a clear breakout or more defined trend."
2026-06-10 23:18:43,ETHUSDT,WAIT,4,1627.52,1611.557178,1627.52,1627.52,1627.52,3,SIDEWAYS,"ETHUSDT is trading sideways with low volume and inside Bollinger Bands. EMAs are closely aligned, indicating a lack of strong directional momentum. RSI and Stochastic indicators are in neutral territory. The current price is near the middle of the recent trading range, and the funding rate is slightly negative, suggesting a small bearish bias in funding but not enough to dictate a strong trade. No clear setup for a high-confidence long or short trade."
2026-06-10 23:18:49,SOLUSDT,SHORT,7,63.73,64.48,63.58,63.2,62.78,5,TRENDING,"Strong bearish trend indicated by EMAs and RSI below 50. MACD histogram is negative. Stochastic is oversold. Low volume suggests potential for further downside continuation. Inside Bollinger bands with low width indicate consolidation before a potential breakout. Funding rate is negative, which is typical for bearish markets."
2026-06-10 23:18:54,BNBUSDT,WAIT,4,0.0,0.0,0.0,0.0,0.0,3,SIDEWAYS,"The market is in a sideways trend with low volume and indicators are mixed. RSI is below 50, Stochastic is oversold but not showing immediate reversal signs. EMAs are tightly packed, indicating consolidation. No clear directional bias for a confident trade."
2026-06-10 23:18:59,XRPUSDT,SHORT,7,1.104,1.114555,1.103,1.1019,1.1008,5,TRENDING,Strong bearish trend indicated by EMAs and RSI below 50. MACD histogram is negative. Stochastics are oversold. Low volume suggests potential for continuation. Targeting support levels.
2026-06-10 23:19:04,DOGEUSDT,WAIT,4,0.08366,0.084468,0.084468,0.085276,0.086084,3,SIDEWAYS,"DOGEUSDT is trading in a sideways channel with low volume and inside Bollinger Bands. EMAs are tightly clustered, indicating a lack of clear direction. RSI and Stochastics are in neutral territory. No strong signal for a directional trade at this moment."
2026-06-10 23:19:10,ADAUSDT,SHORT,7,0.1617,0.164,0.1612,0.1607,0.1602,5,TRENDING,Strong bearish trend indicated by EMAs and recent price action. RSI below 50 and Stochastics in oversold territory suggest further downside potential. Low volume on the last candle might precede a move.
2026-06-10 23:19:14,AVAXUSDT,SHORT,6,6.482,6.5558,6.4082,6.3344,6.2606,5,TRENDING,"Strong bearish trend indicated by EMAs and recent price action. RSI below 50 and MACD histogram negative support bearish momentum. Stochastics are oversold, suggesting a potential bounce, but the overall trend is dominant. Inside Bollinger Bands suggest consolidation before a potential breakout."
